Apps,Mins/Gm,Height,Weight,Age,Av Rat,K Ps/90,Pas %,Distance,K Tck,Fls,Int/90,Con/90,xSv %,Sv %,Svh,Svt,PoM,Based,Tck R,CA,Saves,Saves/xSv%,Value
12.0,86.58333333333333,188.0,78.0,22,6.88,0.09,0.43,60.0,0.0,0.0,0.0,1.13,-40.96,-0.04,14.0,5.0,1.0,Croatia (Druga HNL),0.0,92,34.0,-0.830078125,27500.0
15.0,90.0,190.0,87.0,25,6.63,0.2,0.38,80.1,0.0,0.0,0.0,1.33,0.0,-0.01,7.0,4.0,1.0,Croatia (3. HNL Jug),0.0,85,31.0,0.0,4000.0
11.0,88.9090909090909,188.0,91.0,23,6.75,0.18,0.36,62.7,0.0,0.0,0.0,1.29,0.0,-0.04,10.0,6.0,0.0,Croatia (Druga HNL),0.0,88,28.0,0.0,20000.0
16.0,91.875,185.0,89.0,28,6.59,0.06,0.28,71.1,0.0,0.0,0.18,2.63,-5.31,-0.01,39.0,11.0,0.0,Croatia (Prva HNL),0.0,98,78.0,-14.689265536723164,20000.0
13.0,92.3076923076923,189.0,81.0,30,6.72,0.0,0.56,7.5,0.0,0.0,0.0,1.65,0.0,-0.5,0.0,1.0,0.0,Portugal (Primeira Divisão - Castelo Branco),0.0,83,2.0,0.0,10500.0
13.0,92.3076923076923,184.0,90.0,30,7.49,0.0,0.51,9.4,0.0,0.0,0.0,0.97,0.0,-0.33,2.0,0.0,1.0,Portugal (Campeonato D`Elite Série 2 Porto),0.0,83,4.0,0.0,10500.0
16.0,85.1875,192.0,80.0,21,6.8,0.26,0.4,68.5,0.0,0.0,0.07,1.06,-16.96,-0.04,6.0,6.0,0.0,Croatia (3. HNL Zapad),0.0,90,31.0,-1.8278301886792447,35000.0
16.0,90.0,180.0,72.0,30,7.37,0.06,0.56,6.1,0.0,0.0,0.0,1.06,0.0,-0.5,1.0,1.0,2.0,Croatia (3. HNL Zapad),0.0,89,3.0,0.0,7000.0
15.0,90.0,200.0,96.0,26,7.19,0.07,0.55,7.8,0.0,0.0,0.0,1.6,-10.6,-0.15,5.0,1.0,0.0,Bosnia & Herzegovina (Liga 12),0.0,95,8.0,-0.7547169811320755,9750.0
11.0,90.0,180.0,76.0,29,6.67,0.18,0.43,59.1,0.0,0.0,0.0,1.55,0.0,-0.03,9.0,2.0,1.0,Portugal (Liga 3 Norte),0.0,87,34.0,0.0,6500.0
16.0,90.0,193.0,91.0,29,6.75,0.12,0.64,65.2,0.0,0.0,0.44,2.0,-6.0,-0.02,38.0,9.0,0.0,Croatia (Prva HNL),0.0,101,69.0,-11.5,5000.0
11.0,88.63636363636364,190.0,75.0,23,6.45,0.09,0.48,66.6,0.0,0.0,0.0,1.94,0.0,-0.03,3.0,12.0,0.0,Portugal (Liga 3 Norte),0.0,89,31.0,0.0,22000.0
13.0,90.0,185.0,78.0,27,7.06,0.0,0.6,5.0,0.0,0.0,0.0,1.46,0.0,-0.25,0.0,0.0,0.0,Portugal (Pro-Nacional - Braga),0.0,86,4.0,0.0,2750.0
14.0,90.42857142857144,198.0,79.0,27,7.36,0.0,0.57,5.9,0.0,0.0,0.0,1.35,0.0,-0.25,1.0,2.0,0.0,Croatia (3. HNL Jug),0.0,83,6.0,0.0,7750.0
11.0,84.72727272727273,187.0,79.0,28,7.1,0.39,0.51,70.4,0.0,0.0,0.0,1.16,0.0,-0.05,7.0,4.0,1.0,Slovenia (1. SNL),0.0,110,24.0,0.0,49500.0
11.0,77.45454545454545,192.0,78.0,29,6.59,0.21,0.39,48.9,0.0,1.0,0.0,1.06,-84.71,-0.05,10.0,4.0,0.0,Croatia (Druga HNL),0.0,90,26.0,-0.3069295242592374,126000.0
16.0,90.0,185.0,78.0,26,6.91,0.25,0.42,96.1,0.0,0.0,0.0,1.25,0.0,-0.03,10.0,5.0,1.0,Italy (Lega Nazionale Dilettanti D),0.0,90,36.0,0.0,127000.0
11.0,92.72727272727272,188.0,72.0,24,6.85,0.35,0.4,74.9,0.0,0.0,0.0,1.06,0.0,-0.04,10.0,9.0,0.0,Portugal (Liga 3 Norte),1.0,107,39.0,0.0,177500.0
12.0,90.0,180.0,78.0,23,6.75,0.17,0.43,59.5,0.0,0.0,0.0,1.17,0.0,-0.03,9.0,9.0,0.0,Portugal (Liga Portugal 2),0.0,89,40.0,0.0,16500.0
11.0,79.0,187.0,80.0,28,6.37,0.31,0.41,52.4,0.0,0.0,0.0,1.97,0.0,-0.04,7.0,6.0,0.0,Portugal (Liga 3 Norte),0.0,96,28.0,0.0,105000.0
11.0,90.0,184.0,77.0,26,7.05,0.27,0.39,63.4,0.0,0.0,0.0,0.91,0.0,-0.05,6.0,5.0,0.0,France (National 2 Groupe A),0.0,93,27.0,0.0,93000.0
13.0,90.0,193.0,81.0,28,6.99,0.46,0.47,77.3,0.0,2.0,0.0,1.0,0.0,-0.03,13.0,8.0,1.0,Portugal (Liga Portugal 2),0.0,100,40.0,0.0,33000.0
17.0,90.0,194.0,92.0,27,6.58,0.18,0.24,72.3,0.0,0.0,0.29,2.18,-6.55,-0.01,39.0,5.0,0.0,Croatia (Prva HNL),0.0,110,66.0,-10.076335877862595,29500.0
11.0,87.36363636363636,184.0,74.0,23,6.65,0.09,0.49,56.0,0.0,0.0,0.19,1.69,-18.73,-0.04,12.0,4.0,0.0,Slovenia (1. SNL),0.0,102,26.0,-1.388147357180993,150500.0
16.0,91.875,189.0,83.0,27,7.28,0.37,0.26,69.0,1.0,0.0,0.49,1.1,-8.09,-0.01,54.0,16.0,3.0,Croatia (Prva HNL),0.33,109,101.0,-12.484548825710757,365000.0
15.0,84.26666666666667,187.0,82.0,22,7.13,0.21,0.39,61.5,0.0,0.0,0.0,0.64,0.0,-0.05,7.0,4.0,1.0,Italy (Lega Nazionale Dilettanti F),0.0,89,29.0,0.0,41500.0
15.0,82.26666666666667,193.0,82.0,23,6.82,0.07,0.46,70.3,0.0,0.0,0.0,1.31,0.0,-0.03,6.0,9.0,2.0,Italy (Lega Nazionale Dilettanti C),0.33,94,39.0,0.0,46500.0
15.0,84.33333333333333,184.0,85.0,29,7.02,0.36,0.54,86.2,0.0,0.0,0.0,0.92,0.0,-0.02,16.0,16.0,2.0,Italy (Lega Nazionale Dilettanti H),0.0,93,56.0,0.0,165000.0
11.0,90.0,189.0,85.0,22,6.69,0.09,0.4,62.2,0.0,2.0,0.0,1.27,0.0,-0.02,8.0,8.0,1.0,Slovenia (1. SNL),0.0,94,34.0,0.0,770000.0
16.0,81.75,188.0,81.0,22,6.76,0.21,0.43,83.0,0.0,0.0,0.0,1.1,0.0,-0.03,11.0,5.0,1.0,Italy (Lega Nazionale Dilettanti A),0.0,91,35.0,0.0,44000.0
13.0,92.3076923076923,185.0,90.0,24,6.8,0.07,0.49,76.7,0.0,1.0,0.0,1.27,0.0,-0.03,12.0,7.0,1.0,Portugal (Liga Portugal 2),0.0,99,42.0,0.0,59000.0
14.0,90.0,190.0,79.0,28,7.02,0.21,0.44,87.2,0.0,1.0,0.0,1.07,0.0,-0.02,25.0,6.0,4.0,Italy (Serie A),0.0,112,55.0,0.0,990000.0
11.0,90.0,184.0,75.0,21,6.74,0.45,0.41,57.2,0.0,1.0,0.0,1.0,0.0,-0.02,7.0,4.0,0.0,Belgium (1B Pro League),0.5,88,24.0,0.0,212500.0
11.0,90.0,190.0,83.0,28,7.09,0.0,0.46,60.0,0.0,0.0,0.0,0.82,0.0,-0.06,6.0,5.0,2.0,Portugal (FPF Liga 3),1.0,101,25.0,0.0,19250.0
11.0,85.81818181818181,193.0,78.0,35,6.85,0.1,0.45,58.9,0.0,2.0,0.0,1.14,0.0,-0.05,5.0,4.0,0.0,Portugal (Liga Portugal 2),0.0,103,28.0,0.0,11000.0
14.0,90.0,189.0,78.0,22,7.0,0.21,0.4,67.3,0.0,0.0,0.0,1.43,0.0,-0.01,11.0,8.0,1.0,Croatia (3. HNL Jug),0.0,93,48.0,0.0,35000.0
13.0,87.0,191.0,84.0,24,6.88,0.16,0.49,75.9,0.0,0.0,0.0,1.43,0.0,-0.02,17.0,9.0,1.0,Portugal (Liga Portugal 2),0.0,89,50.0,0.0,22500.0
21.0,96.47619047619048,196.0,80.0,24,6.54,0.09,0.39,97.8,0.0,0.0,0.0,1.51,0.0,-0.02,12.0,14.0,1.0,U.S.A. (MLS),0.25,98,63.0,0.0,25000.0
11.0,77.72727272727273,184.0,78.0,33,6.73,0.32,0.39,51.9,0.0,0.0,0.0,1.16,0.0,-0.06,7.0,5.0,0.0,France (National 2 Groupe D),0.0,97,21.0,0.0,83000.0
19.0,90.0,194.0,88.0,23,6.89,0.05,0.67,79.6,0.0,0.0,0.26,1.58,-5.69,-0.03,32.0,5.0,1.0,Croatia (Prva HNL),0.2,115,70.0,-12.302284710017574,880000.0
15.0,81.33333333333333,197.0,83.0,23,6.61,0.07,0.54,77.6,0.0,3.0,0.0,1.4,0.0,-0.01,5.0,10.0,0.0,France (Ligue 2),0.0,109,36.0,0.0,495000.0
11.0,92.72727272727272,187.0,79.0,28,7.01,0.18,0.41,64.1,0.0,0.0,0.0,0.97,0.0,-0.04,5.0,6.0,1.0,Portugal (Liga 3 Sul),0.0,100,30.0,0.0,44000.0
11.0,88.54545454545455,186.0,83.0,21,6.86,0.18,0.33,46.2,0.0,0.0,0.0,1.2,0.0,-0.02,10.0,5.0,0.0,Portugal (Liga 3 Norte),0.0,83,36.0,0.0,247500.0
13.0,87.53846153846153,186.0,78.0,28,6.99,0.16,0.46,61.3,0.0,1.0,0.0,1.03,0.0,-0.02,10.0,6.0,0.0,Slovenia (2. SNL),0.0,87,25.0,0.0,54500.0
16.0,90.0,189.0,90.0,34,7.7,0.0,0.55,11.6,0.0,0.0,0.0,1.06,0.0,-0.66,1.0,0.0,3.0,France (National 3 Île-de-France),0.0,93,1.0,0.0,72500.0
13.0,81.15384615384616,187.0,76.0,22,6.8,0.17,0.4,45.3,0.0,0.0,0.09,1.11,-62.07,-0.04,11.0,3.0,1.0,Croatia (Druga HNL),0.0,98,28.0,-0.4511035927178991,165000.0
33.0,88.54545454545455,188.0,89.0,24,6.99,0.12,0.46,114.0,0.0,0.0,0.0,1.2,0.0,-0.02,17.0,12.0,2.0,U.S.A. (MLS),0.0,98,71.0,0.0,660000.0
11.0,84.0,196.0,98.0,28,7.05,0.1,0.5,50.0,0.0,0.0,0.0,1.27,0.0,-0.04,7.0,10.0,1.0,Portugal (Liga 3 Norte),0.0,96,34.0,0.0,14000.0
13.0,93.92307692307692,193.0,79.0,26,6.81,0.29,0.5,87.0,0.0,0.0,0.0,1.62,0.0,-0.02,11.0,12.0,1.0,Portugal (Primeira Liga),0.4,118,48.0,0.0,177500.0
13.0,85.23076923076923,193.0,77.0,32,7.05,0.16,0.45,68.6,0.0,1.0,0.0,0.57,0.0,-0.06,7.0,3.0,1.0,Portugal (Liga Portugal 2),0.0,98,26.0,0.0,25000.0
16.0,81.5,189.0,79.0,25,6.76,0.21,0.39,86.7,0.0,0.0,0.0,1.45,0.0,-0.02,13.0,12.0,0.0,Portugal (Primeira Liga),0.0,114,58.0,0.0,49500.0
15.0,90.0,192.0,88.0,28,6.84,0.27,0.45,97.1,0.0,0.0,0.0,1.4,0.0,-0.02,13.0,6.0,1.0,Portugal (Liga Portugal 2),0.5,112,56.0,0.0,66000.0
11.0,80.54545454545455,192.0,86.0,24,7.05,0.2,0.54,54.9,0.0,0.0,0.0,1.12,0.0,-0.02,4.0,5.0,1.0,Slovenia (1. SNL),0.0,109,23.0,0.0,150500.0
13.0,92.3076923076923,188.0,76.0,25,6.58,0.07,0.44,70.8,0.0,1.0,0.0,1.27,0.0,-0.03,6.0,17.0,0.0,Portugal (Liga Portugal 2),0.5,96,43.0,0.0,4500.0
13.0,90.0,188.0,80.0,27,7.0,0.15,0.43,78.8,0.0,0.0,0.0,1.0,0.0,-0.02,15.0,10.0,2.0,Holland (Eredivisie),1.0,113,55.0,0.0,1800000.0
28.0,90.0,185.0,81.0,29,7.21,0.07,0.54,17.1,0.0,1.0,0.0,1.14,0.0,-0.12,3.0,0.0,0.0,Norway (Eliteserien),0.0,120,11.0,0.0,1155000.0
12.0,90.0,190.0,75.0,25,7.04,0.08,0.5,79.2,0.0,0.0,0.0,0.75,0.0,-0.06,8.0,6.0,0.0,Italy (Serie C/B),0.0,102,21.0,0.0,467500.0
13.0,94.6153846153846,191.0,85.0,27,7.16,0.07,0.48,86.2,0.0,0.0,0.0,1.02,0.0,-0.03,15.0,9.0,1.0,Portugal (Liga Portugal 2),0.0,110,50.0,0.0,132000.0
27.0,90.25925925925924,182.0,84.0,36,6.6,0.11,0.56,79.0,0.0,0.0,0.0,1.26,0.0,-0.01,4.0,8.0,1.0,U.S.A. (MLS),0.33,107,37.0,0.0,55000.0
26.0,87.96153846153847,187.0,83.0,29,6.85,0.16,0.45,75.3,0.0,0.0,0.0,1.3,0.0,-0.03,15.0,13.0,2.0,U.S.A. (MLS),0.0,113,46.0,0.0,357500.0
16.0,90.0,189.0,83.0,25,7.36,0.12,0.61,94.7,0.0,0.0,0.0,0.62,0.0,-0.01,11.0,8.0,5.0,France (Ligue 2),0.0,104,47.0,0.0,412500.0
13.0,91.92307692307692,195.0,87.0,29,6.99,0.0,0.61,6.9,0.0,0.0,0.0,0.98,0.0,-0.4,0.0,0.0,0.0,Colombia (Categoría Primera A),0.0,108,3.0,0.0,20000.0
11.0,90.0,182.0,70.0,28,6.81,0.18,0.54,66.4,0.0,1.0,0.0,1.36,0.0,-0.05,5.0,3.0,0.0,France (National 2 Groupe C),0.0,100,23.0,0.0,99000.0
11.0,85.27272727272727,185.0,82.0,29,6.92,0.48,0.53,58.6,0.0,0.0,0.0,1.44,0.0,-0.04,6.0,5.0,0.0,Portugal (Liga 3 Sul),0.0,106,31.0,0.0,83000.0
13.0,78.23076923076923,192.0,85.0,24,7.54,0.0,0.55,25.0,0.0,0.0,0.0,0.62,0.0,-0.1,3.0,2.0,1.0,Austria (ADMIRAL 2. Liga),0.0,118,9.0,0.0,2850000.0
15.0,87.46666666666667,190.0,80.0,31,6.65,0.27,0.47,79.9,0.0,0.0,0.0,1.51,0.0,-0.01,13.0,8.0,1.0,France (Ligue 2),1.0,99,52.0,0.0,195000.0
11.0,85.72727272727273,186.0,81.0,34,6.6,0.1,0.51,65.4,0.0,0.0,0.0,1.05,0.0,-0.08,4.0,1.0,0.0,France (National 2 Groupe B),0.0,99,14.0,0.0,150000.0
12.0,90.0,191.0,84.0,28,6.93,0.17,0.47,69.4,0.0,0.0,0.17,1.33,-8.06,-0.03,23.0,4.0,1.0,Croatia (Prva HNL),0.2,109,46.0,-5.707196029776674,42500.0
15.0,89.33333333333333,187.0,82.0,22,7.02,0.27,0.47,99.3,0.0,0.0,0.0,1.01,0.0,-0.03,12.0,12.0,1.0,Italy (Lega Nazionale Dilettanti E),0.0,111,39.0,0.0,425000.0
13.0,90.0,185.0,82.0,27,7.08,0.08,0.51,75.1,0.0,3.0,0.0,1.15,0.0,-0.02,10.0,11.0,3.0,Portugal (Primeira Liga),0.0,111,56.0,0.0,385000.0
12.0,83.58333333333333,189.0,83.0,21,6.79,0.18,0.55,66.4,0.0,1.0,0.0,0.81,0.0,-0.04,4.0,10.0,2.0,Portugal (Liga Portugal 2),0.0,105,33.0,0.0,302500.0
14.0,78.07142857142857,197.0,84.0,24,6.73,0.08,0.44,74.8,0.0,0.0,0.0,1.56,0.0,-0.05,7.0,7.0,1.0,Portugal (Primeira Liga),0.0,126,40.0,0.0,1037500.0
13.0,85.38461538461539,195.0,95.0,30,7.25,0.08,0.53,76.3,0.0,0.0,0.0,0.81,0.0,-0.03,12.0,8.0,4.0,Holland (Eredivisie),0.0,112,49.0,0.0,715000.0
17.0,90.0,192.0,97.0,21,7.12,0.18,0.39,107.7,0.0,0.0,0.0,0.88,0.0,-0.03,19.0,8.0,2.0,Portugal (Primeira Liga),0.0,126,49.0,0.0,2637500.0
16.0,90.0,187.0,94.0,29,6.83,0.06,0.48,103.0,0.0,1.0,0.0,1.25,0.0,-0.01,15.0,10.0,4.0,France (Ligue 2),0.0,108,56.0,0.0,30000.0
16.0,88.0625,187.0,79.0,20,6.93,0.19,0.49,99.3,0.0,0.0,0.0,1.21,0.0,-0.01,13.0,11.0,1.0,France (Ligue 2),0.0,120,52.0,0.0,2200000.0
21.0,90.0,185.0,78.0,25,6.8,0.14,0.53,99.4,0.0,1.0,0.0,1.38,0.0,-0.02,4.0,9.0,1.0,Argentina (Liga Profesional),0.2,127,52.0,0.0,1812500.0
11.0,90.0,185.0,75.0,22,7.35,0.18,0.52,66.2,0.0,0.0,0.0,0.73,0.0,-0.04,12.0,7.0,4.0,Portugal (Liga 3 Sul),1.0,114,40.0,0.0,525000.0
40.0,90.425,187.0,98.0,36,6.59,0.0,0.58,11.2,0.0,0.0,0.0,1.52,0.0,-0.27,1.0,1.0,0.0,Ecuador (Serie A),0.0,106,7.0,0.0,20000.0
36.0,91.55555555555556,191.0,80.0,29,7.11,0.0,0.55,23.4,0.0,0.0,0.0,1.5,0.0,-0.1,3.0,3.0,2.0,Paraguay (Primera División),0.0,118,20.0,0.0,1045000.0
13.0,87.15384615384616,184.0,77.0,28,7.04,0.16,0.53,80.3,0.0,0.0,0.0,1.19,0.0,-0.03,13.0,5.0,0.0,Portugal (Liga Portugal 2),0.0,110,44.0,0.0,27500.0
13.0,87.38461538461539,182.0,73.0,23,6.88,0.48,0.54,76.0,0.0,0.0,0.0,1.03,0.0,-0.02,10.0,6.0,1.0,France (Ligue 2),0.0,108,37.0,0.0,770000.0
15.0,87.6,187.0,75.0,28,6.44,0.0,0.47,86.0,0.0,1.0,0.0,1.78,0.0,-0.01,9.0,1.0,1.0,France (Ligue 2),0.33,110,36.0,0.0,132000.0
46.0,85.23913043478261,186.0,75.0,26,7.11,0.18,0.53,194.5,0.0,0.0,0.0,1.45,0.0,-0.01,33.0,28.0,4.0,Brazil (Brasileiro Série A),0.0,119,144.0,0.0,3950000.0
14.0,90.0,184.0,77.0,32,6.74,0.07,0.45,93.2,0.0,0.0,0.0,1.29,0.0,-0.03,11.0,5.0,0.0,Austria (Admiral Bundesliga),0.0,113,34.0,0.0,1125000.0
34.0,83.02941176470588,191.0,82.0,30,6.54,0.16,0.49,159.3,0.0,0.0,0.0,1.47,0.0,0.0,21.0,9.0,0.0,U.S.A. (MLS),0.0,118,69.0,0.0,1800000.0
19.0,91.57894736842104,201.0,90.0,25,6.99,0.0,0.48,109.4,0.0,0.0,0.16,0.88,-27.06,-0.03,18.0,7.0,1.0,Romania (Liga I),0.0,127,40.0,-1.4781966001478195,1265000.0
12.0,90.0,191.0,82.0,24,6.89,0.25,0.62,77.2,0.0,0.0,0.0,1.08,-99.0,-0.01,11.0,7.0,1.0,Holland (Eredivisie),0.0,132,40.0,-0.404040404040404,5500000.0
12.0,90.0,198.0,88.0,28,6.87,0.17,0.5,78.6,0.0,0.0,0.0,1.42,0.0,-0.01,13.0,8.0,1.0,Belgium (Pro League),0.0,116,42.0,0.0,1150000.0
19.0,90.0,186.0,81.0,24,7.12,0.16,0.56,111.1,0.0,0.0,0.0,1.11,193.86,-0.02,24.0,21.0,1.0,Holland (Eredivisie),0.5,120,91.0,0.4694109150933663,1975000.0
15.0,78.2,190.0,88.0,30,6.79,0.23,0.48,80.0,0.0,0.0,0.0,1.46,0.0,-0.01,8.0,11.0,1.0,France (Ligue 2),0.0,113,42.0,0.0,495000.0
13.0,90.0,195.0,85.0,26,6.68,0.08,0.51,73.5,0.0,1.0,0.0,1.69,0.0,-0.01,15.0,8.0,1.0,Switzerland (Super League),0.0,116,55.0,0.0,3300000.0
15.0,90.0,190.0,80.0,26,6.86,0.07,0.7,101.1,1.0,0.0,0.33,1.33,-7.46,-0.04,13.0,7.0,0.0,Croatia (Prva HNL),0.0,113,43.0,-5.7640750670241285,13000.0
16.0,81.1875,192.0,83.0,32,6.51,0.07,0.48,87.9,0.0,1.0,0.0,1.25,0.0,-0.01,8.0,8.0,0.0,France (Ligue 2),1.0,110,44.0,0.0,130000.0
12.0,90.0,190.0,76.0,30,6.77,0.08,0.52,80.0,0.0,0.0,0.0,1.25,0.0,-0.05,3.0,4.0,1.0,Italy (Serie C/A),0.5,109,26.0,0.0,260000.0
12.0,77.25,194.0,81.0,33,6.83,0.0,0.43,57.8,0.0,0.0,0.0,1.26,0.0,-0.04,5.0,7.0,1.0,Holland (Eredivisie),0.5,121,35.0,0.0,2200000.0
19.0,90.0,185.0,80.0,30,6.83,0.16,0.53,67.0,0.0,2.0,0.0,1.32,0.0,-0.03,10.0,6.0,0.0,Uruguay (Campeonato Uruguayo),0.5,121,37.0,0.0,440000.0
11.0,78.36363636363636,195.0,92.0,30,6.78,0.42,0.42,54.3,0.0,0.0,0.0,1.36,0.0,-0.03,7.0,2.0,1.0,U.S.A. (MLS),1.0,119,23.0,0.0,1210000.0
16.0,90.0,189.0,84.0,31,6.87,0.12,0.56,105.5,0.0,1.0,0.0,1.25,0.0,-0.01,12.0,9.0,3.0,France (Ligue 2),0.0,115,52.0,0.0,132000.0
13.0,90.0,196.0,94.0,28,6.82,0.31,0.4,83.0,0.0,0.0,0.0,1.31,0.0,-0.03,12.0,11.0,1.0,Holland (Eredivisie),0.5,117,45.0,0.0,2637500.0
12.0,83.08333333333333,197.0,82.0,25,6.77,0.0,0.4,67.8,0.0,0.0,0.0,1.44,0.0,-0.03,9.0,6.0,0.0,Portugal (Primeira Liga),1.0,125,38.0,0.0,425000.0
11.0,92.72727272727272,192.0,82.0,25,6.89,0.35,0.41,72.8,0.0,0.0,0.0,0.88,0.0,-0.05,6.0,7.0,1.0,Italy (Serie B),0.33,105,31.0,0.0,232500.0
12.0,104.08333333333331,190.0,84.0,30,7.42,0.0,0.67,17.8,0.0,0.0,0.0,0.65,0.0,-0.15,4.0,2.0,1.0,Brazil (Brasileiro Série A),0.0,138,13.0,0.0,880000.0
12.0,104.08333333333331,190.0,84.0,30,7.42,0.0,0.67,17.8,0.0,0.0,0.0,0.65,0.0,-0.15,4.0,2.0,1.0,Brazil (Brasileiro Série A),0.0,138,13.0,0.0,8400000.0
14.0,88.42857142857143,185.0,72.0,23,6.99,0.22,0.51,80.4,0.0,1.0,0.0,0.73,0.0,-0.04,10.0,9.0,1.0,England (EFL League One),1.0,110,40.0,0.0,2525000.0
20.0,88.55,188.0,87.0,28,6.97,0.1,0.46,120.4,0.0,0.0,0.0,1.22,0.0,-0.03,17.0,9.0,4.0,Portugal (Primeira Liga),0.25,115,74.0,0.0,262500.0
18.0,90.0,193.0,87.0,25,6.96,0.0,0.48,109.9,0.0,1.0,0.33,1.28,-18.24,-0.03,25.0,11.0,0.0,Holland (Eredivisie),0.0,130,59.0,-3.234649122807018,3625000.0
13.0,90.0,194.0,90.0,25,7.12,0.08,0.47,68.9,0.0,0.0,0.0,1.0,0.0,-0.03,15.0,14.0,1.0,Holland (Eredivisie),0.0,116,52.0,0.0,825000.0
13.0,81.92307692307692,192.0,92.0,29,6.98,0.08,0.55,78.0,0.0,0.0,0.0,1.1,0.0,-0.02,6.0,8.0,2.0,Switzerland (Super League),0.0,126,34.0,0.0,2525000.0
16.0,90.0,188.0,84.0,24,7.06,0.19,0.81,104.6,0.0,0.0,0.0,0.88,0.0,-0.03,5.0,12.0,3.0,Holland (Eredivisie),0.67,143,49.0,0.0,31000000.0
12.0,87.25,190.0,80.0,32,7.02,0.09,0.42,65.2,0.0,0.0,0.0,0.86,0.0,-0.05,9.0,6.0,2.0,Italy (Lega Nazionale Dilettanti E),0.0,111,24.0,0.0,132000.0
13.0,90.0,187.0,79.0,29,6.82,0.08,0.5,42.1,0.0,0.0,0.0,1.23,0.0,-0.04,8.0,2.0,0.0,Austria (ADMIRAL 2. Liga),0.0,105,18.0,0.0,93000.0
13.0,82.07692307692308,198.0,98.0,29,7.15,0.0,0.39,80.7,0.0,1.0,0.0,0.67,0.0,-0.02,5.0,4.0,2.0,Switzerland (Super League),0.0,115,28.0,0.0,1320000.0
16.0,83.9375,192.0,87.0,22,6.83,0.13,0.6,87.1,0.0,0.0,0.0,1.01,0.0,-0.02,5.0,5.0,2.0,France (Ligue 2),0.0,124,25.0,0.0,6050000.0
14.0,90.0,187.0,81.0,25,6.91,0.21,0.54,88.8,0.0,0.0,0.0,1.5,0.0,-0.01,12.0,14.0,1.0,France (Ligue 1),0.0,124,69.0,0.0,1537500.0
11.0,87.18181818181819,193.0,86.0,26,7.29,0.19,0.47,66.3,0.0,0.0,0.0,0.66,-37.59,-0.04,8.0,5.0,1.0,Cyprus (A' Katigorías),0.0,124,37.0,-0.9843043362596434,770000.0
19.0,88.63157894736842,186.0,80.0,27,7.09,0.16,0.49,106.2,0.0,0.0,0.0,0.86,0.0,-0.03,18.0,14.0,3.0,U.S.A. (MLS),0.67,123,63.0,0.0,4300000.0
34.0,89.20588235294117,192.0,86.0,29,6.85,0.03,0.47,174.3,0.0,0.0,0.0,1.22,0.0,0.0,26.0,18.0,2.0,U.S.A. (MLS),0.0,116,90.0,0.0,1762500.0
20.0,90.0,185.0,76.0,26,7.07,0.15,0.55,86.2,0.0,0.0,0.0,1.0,0.0,-0.01,11.0,11.0,2.0,Argentina (Liga Profesional),0.0,123,49.0,0.0,3600000.0
12.0,85.5,184.0,78.0,34,6.73,0.44,0.51,67.2,0.0,3.0,0.0,1.75,0.0,-0.01,12.0,12.0,2.0,France (Ligue 1),0.0,123,50.0,0.0,650000.0
14.0,89.57142857142857,186.0,81.0,26,7.0,0.29,0.37,87.8,0.0,4.0,0.0,1.08,0.0,-0.03,7.0,13.0,2.0,Belgium (Pro League),0.0,125,39.0,0.0,7800000.0
14.0,90.0,187.0,77.0,28,6.77,0.14,0.41,87.3,0.0,0.0,0.0,1.5,0.0,-0.01,12.0,15.0,1.0,France (Ligue 1),0.33,128,57.0,0.0,2850000.0
11.0,90.0,192.0,84.0,32,7.23,0.27,0.42,64.2,0.0,1.0,0.0,0.64,0.0,-0.05,8.0,8.0,2.0,Italy (Serie B),0.0,122,32.0,0.0,232500.0
15.0,87.06666666666666,188.0,83.0,27,6.89,0.14,0.35,80.7,0.0,0.0,0.0,1.65,-10.01,-0.02,24.0,13.0,0.0,Belgium (Pro League),0.0,125,64.0,-6.393606393606394,7400000.0
15.0,92.0,192.0,90.0,27,7.23,0.07,0.69,99.8,0.0,0.0,0.0,0.85,0.0,-0.02,12.0,11.0,3.0,Switzerland (Super League),0.5,130,63.0,0.0,5075000.0
21.0,85.80952380952381,201.0,94.0,22,6.97,0.05,0.58,123.0,0.0,0.0,0.2,1.05,-21.74,-0.04,19.0,9.0,2.0,Holland (Eredivisie),0.0,127,47.0,-2.1619135234590616,13750000.0
15.0,90.0,188.0,86.0,29,7.46,0.0,0.81,95.4,0.0,1.0,0.0,0.67,-67.25,-0.06,9.0,5.0,3.0,England (Premier League),0.0,179,33.0,-0.4907063197026022,5500000.0
15.0,90.0,188.0,86.0,29,7.46,0.0,0.81,95.4,0.0,1.0,0.0,0.67,-67.25,-0.06,9.0,5.0,3.0,England (Premier League),0.0,179,33.0,-0.4907063197026022,304000000.0
15.0,87.26666666666667,202.0,92.0,25,7.03,0.14,0.61,89.8,0.0,0.0,0.0,0.89,-133.88,-0.03,11.0,7.0,4.0,Italy (Serie A),0.0,130,45.0,-0.3361219002091425,2637500.0
12.0,89.33333333333333,193.0,84.0,26,6.82,0.25,0.54,73.2,0.0,0.0,0.0,1.18,0.0,-0.01,11.0,9.0,2.0,Belgium (Pro League),0.0,123,49.0,0.0,4400000.0
11.0,92.72727272727272,188.0,78.0,30,6.89,0.18,0.42,73.3,0.0,0.0,0.0,1.32,0.0,-0.04,8.0,7.0,0.0,Italy (Serie B),1.0,119,33.0,0.0,2850000.0
11.0,90.0,184.0,77.0,26,6.73,0.45,0.55,69.2,0.0,0.0,0.0,1.64,0.0,-0.02,5.0,11.0,0.0,Austria (Admiral Bundesliga),0.0,125,32.0,0.0,3725000.0
15.0,90.0,186.0,82.0,29,6.41,0.2,0.48,89.5,0.0,1.0,0.0,2.0,-28.57,-0.02,10.0,9.0,1.0,Italy (Serie A),0.0,130,46.0,-1.6100805040252013,1155000.0
13.0,86.61538461538461,193.0,88.0,30,6.75,0.0,0.51,85.3,0.0,0.0,0.0,1.44,0.0,-0.03,12.0,6.0,1.0,Italy (Serie A),0.5,121,40.0,0.0,1155000.0
11.0,90.0,193.0,82.0,29,6.61,0.0,0.57,67.7,0.0,0.0,0.0,1.18,0.0,-0.05,7.0,3.0,0.0,Italy (Serie B),0.0,117,23.0,0.0,825000.0
14.0,85.85714285714286,185.0,88.0,31,6.59,0.37,0.46,86.4,0.0,0.0,0.0,1.8,0.0,-0.01,9.0,11.0,0.0,France (Ligue 1),0.0,122,50.0,0.0,1265000.0
12.0,82.25,188.0,75.0,27,6.86,0.55,0.47,62.6,0.0,1.0,0.0,1.82,0.0,-0.01,9.0,11.0,2.0,Turkey (Süper Lig),0.5,123,45.0,0.0,7800000.0
12.0,90.0,180.0,77.0,24,6.48,0.08,0.8,80.3,0.0,0.0,0.0,1.75,0.0,-0.01,17.0,11.0,1.0,France (Ligue 1),0.0,135,48.0,0.0,2450000.0
12.0,83.33333333333333,191.0,91.0,28,7.07,0.09,0.63,60.8,0.0,0.0,0.18,1.98,-7.47,-0.03,12.0,6.0,0.0,Austria (Admiral Bundesliga),0.0,140,42.0,-5.622489959839357,880000.0
18.0,90.0,188.0,85.0,29,7.26,0.06,0.78,119.3,0.0,0.0,0.0,1.28,-43.28,-0.02,23.0,12.0,3.0,Belgium (Pro League),0.0,131,71.0,-1.6404805914972274,27000000.0
12.0,71.91666666666667,189.0,80.0,28,6.84,0.0,0.71,62.1,0.0,0.0,0.0,1.25,0.0,-0.02,11.0,6.0,1.0,France (Ligue 1),0.0,135,32.0,0.0,6650000.0
14.0,89.5,190.0,78.0,25,6.99,0.22,0.62,89.8,0.0,0.0,0.0,1.15,0.0,-0.01,16.0,12.0,1.0,France (Ligue 1),0.0,136,60.0,0.0,3300000.0
13.0,90.0,199.0,99.0,35,7.12,0.23,0.52,79.9,0.0,0.0,0.0,0.92,0.0,-0.02,4.0,9.0,0.0,England (EFL Championship),0.0,128,33.0,0.0,1650000.0
11.0,90.0,193.0,90.0,30,7.33,0.27,0.67,68.4,0.0,0.0,0.0,0.82,0.0,-0.04,12.0,2.0,1.0,Italy (Serie B),0.0,126,34.0,0.0,2850000.0
11.0,90.0,193.0,90.0,30,7.33,0.27,0.67,68.4,0.0,0.0,0.0,0.82,0.0,-0.04,12.0,2.0,1.0,Italy (Serie B),0.0,126,34.0,0.0,101000000.0
14.0,86.57142857142857,192.0,85.0,29,6.62,0.0,0.64,85.1,0.0,1.0,0.0,1.56,-129.18,-0.01,14.0,9.0,0.0,Spain (LaLiga),0.25,142,49.0,-0.379315683542344,6050000.0
12.0,83.91666666666667,186.0,81.0,30,7.11,0.45,0.53,77.0,0.0,0.0,0.09,1.25,-37.4,-0.01,8.0,6.0,0.0,France (Ligue 1),1.0,142,40.0,-1.0695187165775402,10850000.0
11.0,78.54545454545455,191.0,82.0,26,7.31,0.21,0.5,63.9,0.0,1.0,0.0,0.62,0.0,-0.05,6.0,7.0,2.0,Italy (Serie B),0.0,132,34.0,0.0,2475000.0
14.0,90.0,191.0,80.0,23,7.01,0.14,0.64,72.7,0.0,0.0,0.0,1.07,-16.64,-0.05,7.0,3.0,2.0,Ukraine (Favbet Liha),0.0,131,24.0,-1.4423076923076923,23000000.0
14.0,88.14285714285714,190.0,81.0,30,7.32,0.22,0.49,87.0,0.0,2.0,0.0,0.8,0.0,-0.01,20.0,9.0,1.0,Spain (LaLiga),0.0,137,63.0,0.0,8100000.0
17.0,90.0,188.0,84.0,30,6.91,0.12,0.78,77.6,0.0,0.0,0.0,1.47,0.0,-0.01,5.0,6.0,1.0,Argentina (Liga Profesional),0.0,130,44.0,0.0,3950000.0
15.0,92.0,192.0,83.0,25,6.69,0.0,0.6,93.8,0.0,0.0,0.0,1.04,0.0,-0.04,10.0,4.0,1.0,Italy (Serie A),0.0,134,33.0,0.0,1425000.0
13.0,90.0,192.0,93.0,26,7.12,0.0,0.82,84.9,0.0,0.0,0.0,1.23,0.0,-0.03,7.0,6.0,1.0,Italy (Serie A),0.5,154,39.0,0.0,38000000.0
17.0,90.0,186.0,75.0,24,7.15,0.06,0.83,109.3,0.0,0.0,0.06,1.0,-221.58,-0.02,12.0,8.0,1.0,France (Ligue 1),0.0,149,52.0,-0.2346782200559617,9600000.0
19.0,90.0,191.0,76.0,28,7.02,0.11,0.55,114.0,0.0,0.0,0.0,0.84,-18.31,-0.04,16.0,10.0,1.0,Portugal (Primeira Liga),1.0,146,48.0,-2.621518296013108,41500000.0
14.0,90.0,193.0,82.0,23,6.98,0.0,0.63,87.4,0.0,0.0,0.0,1.43,0.0,-0.01,17.0,7.0,1.0,France (Ligue 1),0.0,137,53.0,0.0,26250000.0
11.0,87.27272727272727,189.0,84.0,30,6.97,0.19,0.62,66.5,0.0,0.0,0.0,0.94,0.0,-0.03,8.0,1.0,1.0,Italy (Serie A),0.0,146,17.0,0.0,19500000.0
18.0,90.0,192.0,80.0,27,7.18,0.0,0.82,116.3,0.0,0.0,0.0,0.89,0.0,-0.03,11.0,6.0,2.0,Spain (LaLiga),1.0,151,50.0,0.0,49500000.0
15.0,85.86666666666666,194.0,83.0,26,6.81,0.14,0.57,82.2,0.0,0.0,0.0,1.68,0.0,-0.02,14.0,9.0,1.0,Italy (Serie A),0.0,143,54.0,0.0,4100000.0
18.0,88.38888888888889,191.0,91.0,29,7.18,0.11,0.64,105.5,0.0,0.0,0.0,1.13,-24.67,-0.02,17.0,6.0,2.0,France (Ligue 1),0.0,143,47.0,-1.905147952979327,15250000.0
18.0,90.0,189.0,77.0,27,7.31,0.06,0.9,109.0,0.0,0.0,0.0,1.0,0.0,-0.02,9.0,13.0,3.0,France (Ligue 1),0.0,141,49.0,0.0,35500000.0
14.0,86.35714285714286,183.0,78.0,34,7.26,0.07,0.85,81.4,0.0,0.0,0.0,0.74,229.09,-0.02,11.0,4.0,4.0,Italy (Serie A),0.0,144,37.0,0.1615085774149897,8300000.0
14.0,73.07142857142857,187.0,81.0,33,6.72,0.09,0.44,70.4,0.0,0.0,0.0,1.67,0.0,-0.03,10.0,8.0,0.0,Spain (LaLiga),0.0,138,37.0,0.0,8450000.0
18.0,86.0,186.0,80.0,23,7.28,0.12,0.66,105.8,0.0,0.0,0.12,1.05,-14.66,-0.03,21.0,11.0,2.0,Portugal (Primeira Liga),0.5,154,64.0,-4.365620736698499,40000000.0
19.0,90.0,191.0,92.0,28,6.94,0.0,0.69,119.1,0.0,0.0,0.05,0.89,-12.63,-0.03,10.0,5.0,1.0,Italy (Serie A),0.0,151,40.0,-3.167062549485352,36000000.0
18.0,90.0,191.0,85.0,24,7.26,0.06,0.9,117.9,0.0,0.0,0.11,1.06,-27.67,-0.03,19.0,13.0,2.0,England (Premier League),0.5,152,62.0,-2.240693892302132,89500000.0
14.0,85.85714285714286,187.0,85.0,31,6.57,0.0,0.72,88.5,0.0,1.0,0.0,1.65,0.0,-0.01,17.0,5.0,0.0,Spain (LaLiga),0.0,137,44.0,0.0,9150000.0
19.0,90.0,191.0,89.0,27,7.25,0.11,0.8,109.7,0.0,0.0,0.0,0.79,-32.0,-0.02,15.0,11.0,3.0,Italy (Serie A),0.0,156,53.0,-1.65625,106000000.0
18.0,88.44444444444444,192.0,83.0,32,6.86,0.0,0.69,111.6,0.0,0.0,0.06,1.7,-21.53,-0.03,23.0,8.0,2.0,Germany (Bundesliga),0.0,140,66.0,-3.065490013934045,3850000.0
18.0,90.0,190.0,89.0,25,7.28,0.11,0.77,114.2,0.0,0.0,0.0,1.17,-21.9,-0.01,23.0,19.0,2.0,Spain (LaLiga),0.0,160,79.0,-3.60730593607306,125000000.0
20.0,90.0,193.0,88.0,26,7.03,0.15,0.63,124.0,0.0,0.0,0.1,1.25,-16.09,-0.03,20.0,12.0,3.0,France (Ligue 1),0.0,145,62.0,-3.853325046612803,1425000.0
14.0,90.0,193.0,85.0,30,6.52,0.14,0.83,91.6,0.0,0.0,0.0,1.79,0.0,-0.03,13.0,6.0,0.0,England (Premier League),0.0,151,40.0,0.0,24000000.0
17.0,85.6470588235294,187.0,77.0,28,7.16,0.12,0.66,115.1,0.0,0.0,0.0,1.05,0.0,-0.04,13.0,10.0,0.0,England (Premier League),0.33,146,54.0,0.0,55000000.0
14.0,90.0,194.0,89.0,30,7.06,0.0,0.88,86.2,0.0,0.0,0.14,0.79,-26.33,-0.05,14.0,3.0,0.0,England (Premier League),0.0,165,27.0,-1.0254462590201292,191000000.0
16.0,89.5625,188.0,85.0,25,7.33,0.13,0.86,104.4,0.0,0.0,0.0,0.63,0.0,-0.07,3.0,5.0,2.0,England (Premier League),0.0,152,31.0,0.0,45500000.0
18.0,89.0,187.0,85.0,30,7.63,0.17,0.82,113.9,1.0,0.0,0.06,0.51,-15.76,-0.03,18.0,5.0,6.0,Spain (LaLiga),0.5,175,47.0,-2.982233502538071,221000000.0
14.0,90.0,195.0,94.0,29,6.64,0.07,0.62,82.8,0.0,0.0,0.0,1.57,0.0,-0.03,12.0,6.0,1.0,England (Premier League),0.0,146,37.0,0.0,11200000.0
19.0,90.0,191.0,91.0,30,7.26,0.0,0.81,113.7,0.0,0.0,0.05,0.63,-31.81,-0.07,5.0,7.0,2.0,England (Premier League),0.0,178,30.0,-0.9430996541967936,304500000.0
19.0,90.0,196.0,90.0,23,7.38,0.16,0.75,120.3,0.0,0.0,0.0,0.58,-42.38,-0.05,10.0,9.0,2.0,France (Ligue 1),0.0,162,48.0,-1.1326097215667768,265000000.0
19.0,90.0,199.0,96.0,30,7.42,0.05,0.91,124.8,0.0,0.0,0.0,0.79,-56.54,-0.03,8.0,7.0,3.0,Spain (LaLiga),0.33,180,48.0,-0.8489564909798373,198500000.0
19.0,88.78947368421052,189.0,84.0,29,7.01,0.0,0.79,114.1,0.0,0.0,0.11,1.28,-14.43,-0.02,19.0,3.0,1.0,Spain (LaLiga),0.0,178,45.0,-3.1185031185031185,145000000.0
